{"cameraMode":{"drawMode":0,"name":"Shaded","section":"Shading Mode"},"sceneLighting":false,"audioPlay":false,"sceneViewState":{"showFog":true,"showMaterialUpdate":false,"showSkybox":true,"showFlares":true,"showImageEffects":true,"showParticleSystems":true},"in2DMode":false,"pivot":{"x":44.699867248535159,"y":-9.141450881958008,"z":48.31816101074219},"rotation":{"x":-0.0027940059080719949,"y":-0.9800720810890198,"z":0.1981600672006607,"w":-0.013822708278894425},"size":14.713194847106934,"orthographic":false}