{"cameraMode":{"drawMode":0,"name":"Shaded","section":"Shading Mode"},"sceneLighting":true,"audioPlay":false,"sceneViewState":{"showFog":true,"showMaterialUpdate":false,"showSkybox":true,"showFlares":true,"showImageEffects":true,"showParticleSystems":true},"in2DMode":false,"pivot":{"x":2.552300214767456,"y":-0.06077855825424194,"z":-4.491779804229736},"rotation":{"x":-0.18144457042217256,"y":0.17395727336406709,"z":-0.03256157785654068,"w":-0.9673829674720764},"size":6.935619354248047,"orthographic":false}