{"cameraMode":{"drawMode":0,"name":"Shaded","section":"Shading Mode"},"sceneLighting":false,"audioPlay":false,"sceneViewState":{"showFog":true,"showMaterialUpdate":false,"showSkybox":true,"showFlares":true,"showImageEffects":true,"showParticleSystems":true},"in2DMode":false,"pivot":{"x":41.0200080871582,"y":-8.062636375427246,"z":48.74725341796875},"rotation":{"x":0.10681795328855515,"y":0.5913224220275879,"z":-0.07941398024559021,"w":0.7953758239746094},"size":16.088436126708986,"orthographic":false}