{"cameraMode":{"drawMode":0,"name":"Shaded","section":"Shading Mode"},"sceneLighting":true,"audioPlay":false,"sceneViewState":{"showFog":true,"showMaterialUpdate":false,"showSkybox":true,"showFlares":true,"showImageEffects":true,"showParticleSystems":true},"in2DMode":false,"pivot":{"x":2.552300214767456,"y":-0.06077855825424194,"z":-4.491779804229736},"rotation":{"x":-0.2296821027994156,"y":-0.3312123119831085,"z":0.08354584872722626,"w":-0.9113933444023132},"size":21.816377639770509,"orthographic":false}