{"cameraMode":{"drawMode":0,"name":"Shaded","section":"Shading Mode"},"sceneLighting":false,"audioPlay":false,"sceneViewState":{"showFog":true,"showMaterialUpdate":false,"showSkybox":true,"showFlares":true,"showImageEffects":true,"showParticleSystems":true},"in2DMode":false,"pivot":{"x":0.0018017292022705079,"y":-0.012289553880691529,"z":0.06825949251651764},"rotation":{"x":0.10120509564876557,"y":-0.019400008022785188,"z":0.0019622694235295059,"w":0.994682252407074},"size":1.2475671768188477,"orthographic":false}