{"cameraMode":{"drawMode":0,"name":"Shaded","section":"Shading Mode"},"sceneLighting":false,"audioPlay":false,"sceneViewState":{"showFog":true,"showMaterialUpdate":false,"showSkybox":true,"showFlares":true,"showImageEffects":true,"showParticleSystems":true},"in2DMode":false,"pivot":{"x":39.04999923706055,"y":-8.9399995803833,"z":56.2599983215332},"rotation":{"x":-0.13858121633529664,"y":-0.8551738858222961,"z":0.29291975498199465,"w":-0.4045925438404083},"size":2.8578836917877199,"orthographic":false}