{"cameraMode":{"drawMode":0,"name":"Shaded","section":"Shading Mode"},"sceneLighting":false,"audioPlay":false,"sceneViewState":{"showFog":true,"showMaterialUpdate":false,"showSkybox":true,"showFlares":true,"showImageEffects":true,"showParticleSystems":true},"in2DMode":false,"pivot":{"x":43.81866455078125,"y":-10.700000762939454,"z":52.20262145996094},"rotation":{"x":0.2424958348274231,"y":-0.21610040962696076,"z":0.055480241775512698,"w":0.9441611766815186},"size":1.490078330039978,"orthographic":true}